productkey,productalternatekey,productsubcategorykey,englishproductname,daystomanufacture,modelname,productsubcategoryalternatekey,englishproductsubcategoryname,productcategorykey,englishproductcategoryname
359,BK-M68B-38,1,"Mountain-200 Black, 38",4,Mountain-200,1,Mountain Bikes,1,Bikes
360,BK-M68B-42,1,"Mountain-200 Black, 42",4,Mountain-200,1,Mountain Bikes,1,Bikes
361,BK-M68B-42,1,"Mountain-200 Black, 42",4,Mountain-200,1,Mountain Bikes,1,Bikes
362,BK-M68B-46,1,"Mountain-200 Black, 46",4,Mountain-200,1,Mountain Bikes,1,Bikes
363,BK-M68B-46,1,"Mountain-200 Black, 46",4,Mountain-200,1,Mountain Bikes,1,Bikes
364,BK-M47B-38,1,"Mountain-300 Black, 38",4,Mountain-300,1,Mountain Bikes,1,Bikes
365,BK-M47B-40,1,"Mountain-300 Black, 40",4,Mountain-300,1,Mountain Bikes,1,Bikes
366,BK-M47B-44,1,"Mountain-300 Black, 44",4,Mountain-300,1,Mountain Bikes,1,Bikes
367,BK-M47B-48,1,"Mountain-300 Black, 48",4,Mountain-300,1,Mountain Bikes,1,Bikes
598,BK-M18B-44,1,"Mountain-500 Black, 44",4,Mountain-500,1,Mountain Bikes,1,Bikes
597,BK-M18B-42,1,"Mountain-500 Black, 42",4,Mountain-500,1,Mountain Bikes,1,Bikes
596,BK-M18B-40,1,"Mountain-500 Black, 40",4,Mountain-500,1,Mountain Bikes,1,Bikes
595,BK-M18S-52,1,"Mountain-500 Silver, 52",4,Mountain-500,1,Mountain Bikes,1,Bikes
594,BK-M18S-48,1,"Mountain-500 Silver, 48",4,Mountain-500,1,Mountain Bikes,1,Bikes
593,BK-M18S-44,1,"Mountain-500 Silver, 44",4,Mountain-500,1,Mountain Bikes,1,Bikes
592,BK-M18S-42,1,"Mountain-500 Silver, 42",4,Mountain-500,1,Mountain Bikes,1,Bikes
591,BK-M18S-40,1,"Mountain-500 Silver, 40",4,Mountain-500,1,Mountain Bikes,1,Bikes
590,BK-M38S-46,1,"Mountain-400-W Silver, 46",4,Mountain-400-W,1,Mountain Bikes,1,Bikes
589,BK-M38S-42,1,"Mountain-400-W Silver, 42",4,Mountain-400-W,1,Mountain Bikes,1,Bikes
588,BK-M38S-40,1,"Mountain-400-W Silver, 40",4,Mountain-400-W,1,Mountain Bikes,1,Bikes
587,BK-M38S-38,1,"Mountain-400-W Silver, 38",4,Mountain-400-W,1,Mountain Bikes,1,Bikes
347,BK-M82S-48,1,"Mountain-100 Silver, 48",4,Mountain-100,1,Mountain Bikes,1,Bikes
348,BK-M82B-38,1,"Mountain-100 Black, 38",4,Mountain-100,1,Mountain Bikes,1,Bikes
344,BK-M82S-38,1,"Mountain-100 Silver, 38",4,Mountain-100,1,Mountain Bikes,1,Bikes
345,BK-M82S-42,1,"Mountain-100 Silver, 42",4,Mountain-100,1,Mountain Bikes,1,Bikes
346,BK-M82S-44,1,"Mountain-100 Silver, 44",4,Mountain-100,1,Mountain Bikes,1,Bikes
600,BK-M18B-52,1,"Mountain-500 Black, 52",4,Mountain-500,1,Mountain Bikes,1,Bikes
599,BK-M18B-48,1,"Mountain-500 Black, 48",4,Mountain-500,1,Mountain Bikes,1,Bikes
349,BK-M82B-42,1,"Mountain-100 Black, 42",4,Mountain-100,1,Mountain Bikes,1,Bikes
350,BK-M82B-44,1,"Mountain-100 Black, 44",4,Mountain-100,1,Mountain Bikes,1,Bikes
351,BK-M82B-48,1,"Mountain-100 Black, 48",4,Mountain-100,1,Mountain Bikes,1,Bikes
352,BK-M68S-38,1,"Mountain-200 Silver, 38",4,Mountain-200,1,Mountain Bikes,1,Bikes
353,BK-M68S-38,1,"Mountain-200 Silver, 38",4,Mountain-200,1,Mountain Bikes,1,Bikes
354,BK-M68S-42,1,"Mountain-200 Silver, 42",4,Mountain-200,1,Mountain Bikes,1,Bikes
355,BK-M68S-42,1,"Mountain-200 Silver, 42",4,Mountain-200,1,Mountain Bikes,1,Bikes
356,BK-M68S-46,1,"Mountain-200 Silver, 46",4,Mountain-200,1,Mountain Bikes,1,Bikes
357,BK-M68S-46,1,"Mountain-200 Silver, 46",4,Mountain-200,1,Mountain Bikes,1,Bikes
358,BK-M68B-38,1,"Mountain-200 Black, 38",4,Mountain-200,1,Mountain Bikes,1,Bikes
310,BK-R93R-62,2,"Road-150 Red, 62",4,Road-150,2,Road Bikes,1,Bikes
606,BK-R19B-52,2,"Road-750 Black, 52",4,Road-750,2,Road Bikes,1,Bikes
605,BK-R19B-48,2,"Road-750 Black, 48",4,Road-750,2,Road Bikes,1,Bikes
604,BK-R19B-44,2,"Road-750 Black, 44",4,Road-750,2,Road Bikes,1,Bikes
584,BK-R19B-58,2,"Road-750 Black, 58",4,Road-750,2,Road Bikes,1,Bikes
583,BK-R79Y-48,2,"Road-350-W Yellow, 48",4,Road-350-W,2,Road Bikes,1,Bikes
582,BK-R79Y-44,2,"Road-350-W Yellow, 44",4,Road-350-W,2,Road Bikes,1,Bikes
581,BK-R79Y-42,2,"Road-350-W Yellow, 42",4,Road-350-W,2,Road Bikes,1,Bikes
580,BK-R79Y-40,2,"Road-350-W Yellow, 40",4,Road-350-W,2,Road Bikes,1,Bikes
387,BK-R64Y-44,2,"Road-550-W Yellow, 44",4,Road-550-W,2,Road Bikes,1,Bikes
386,BK-R64Y-42,2,"Road-550-W Yellow, 42",4,Road-550-W,2,Road Bikes,1,Bikes
385,BK-R64Y-42,2,"Road-550-W Yellow, 42",4,Road-550-W,2,Road Bikes,1,Bikes
384,BK-R64Y-40,2,"Road-550-W Yellow, 40",4,Road-550-W,2,Road Bikes,1,Bikes
383,BK-R64Y-40,2,"Road-550-W Yellow, 40",4,Road-550-W,2,Road Bikes,1,Bikes
382,BK-R64Y-38,2,"Road-550-W Yellow, 38",4,Road-550-W,2,Road Bikes,1,Bikes
381,BK-R64Y-38,2,"Road-550-W Yellow, 38",4,Road-550-W,2,Road Bikes,1,Bikes
380,BK-R89B-58,2,"Road-250 Black, 58",4,Road-250,2,Road Bikes,1,Bikes
379,BK-R89B-58,2,"Road-250 Black, 58",4,Road-250,2,Road Bikes,1,Bikes
378,BK-R89B-52,2,"Road-250 Black, 52",4,Road-250,2,Road Bikes,1,Bikes
377,BK-R89B-52,2,"Road-250 Black, 52",4,Road-250,2,Road Bikes,1,Bikes
376,BK-R89B-48,2,"Road-250 Black, 48",4,Road-250,2,Road Bikes,1,Bikes
375,BK-R89B-48,2,"Road-250 Black, 48",4,Road-250,2,Road Bikes,1,Bikes
374,BK-R89B-44,2,"Road-250 Black, 44",4,Road-250,2,Road Bikes,1,Bikes
373,BK-R89B-44,2,"Road-250 Black, 44",4,Road-250,2,Road Bikes,1,Bikes
372,BK-R89R-58,2,"Road-250 Red, 58",4,Road-250,2,Road Bikes,1,Bikes
371,BK-R89R-58,2,"Road-250 Red, 58",4,Road-250,2,Road Bikes,1,Bikes
370,BK-R89R-52,2,"Road-250 Red, 52",4,Road-250,2,Road Bikes,1,Bikes
369,BK-R89R-48,2,"Road-250 Red, 48",4,Road-250,2,Road Bikes,1,Bikes
368,BK-R89R-44,2,"Road-250 Red, 44",4,Road-250,2,Road Bikes,1,Bikes
343,BK-R50B-52,2,"Road-650 Black, 52",4,Road-650,2,Road Bikes,1,Bikes
342,BK-R50B-52,2,"Road-650 Black, 52",4,Road-650,2,Road Bikes,1,Bikes
341,BK-R50B-48,2,"Road-650 Black, 48",4,Road-650,2,Road Bikes,1,Bikes
340,BK-R50B-48,2,"Road-650 Black, 48",4,Road-650,2,Road Bikes,1,Bikes
339,BK-R50B-44,2,"Road-650 Black, 44",4,Road-650,2,Road Bikes,1,Bikes
338,BK-R50B-44,2,"Road-650 Black, 44",4,Road-650,2,Road Bikes,1,Bikes
337,BK-R50B-62,2,"Road-650 Black, 62",4,Road-650,2,Road Bikes,1,Bikes
336,BK-R50B-62,2,"Road-650 Black, 62",4,Road-650,2,Road Bikes,1,Bikes
334,BK-R50B-60,2,"Road-650 Black, 60",4,Road-650,2,Road Bikes,1,Bikes
333,BK-R50B-58,2,"Road-650 Black, 58",4,Road-650,2,Road Bikes,1,Bikes
332,BK-R50B-58,2,"Road-650 Black, 58",4,Road-650,2,Road Bikes,1,Bikes
331,BK-R50R-52,2,"Road-650 Red, 52",4,Road-650,2,Road Bikes,1,Bikes
330,BK-R50R-52,2,"Road-650 Red, 52",4,Road-650,2,Road Bikes,1,Bikes
329,BK-R50R-48,2,"Road-650 Red, 48",4,Road-650,2,Road Bikes,1,Bikes
328,BK-R50R-48,2,"Road-650 Red, 48",4,Road-650,2,Road Bikes,1,Bikes
327,BK-R50R-44,2,"Road-650 Red, 44",4,Road-650,2,Road Bikes,1,Bikes
326,BK-R50R-44,2,"Road-650 Red, 44",4,Road-650,2,Road Bikes,1,Bikes
325,BK-R50R-62,2,"Road-650 Red, 62",4,Road-650,2,Road Bikes,1,Bikes
324,BK-R50R-62,2,"Road-650 Red, 62",4,Road-650,2,Road Bikes,1,Bikes
323,BK-R50R-60,2,"Road-650 Red, 60",4,Road-650,2,Road Bikes,1,Bikes
322,BK-R50R-60,2,"Road-650 Red, 60",4,Road-650,2,Road Bikes,1,Bikes
321,BK-R50R-58,2,"Road-650 Red, 58",4,Road-650,2,Road Bikes,1,Bikes
320,BK-R50R-58,2,"Road-650 Red, 58",4,Road-650,2,Road Bikes,1,Bikes
319,BK-R68R-52,2,"Road-450 Red, 52",4,Road-450,2,Road Bikes,1,Bikes
318,BK-R68R-48,2,"Road-450 Red, 48",4,Road-450,2,Road Bikes,1,Bikes
317,BK-R68R-44,2,"Road-450 Red, 44",4,Road-450,2,Road Bikes,1,Bikes
316,BK-R68R-60,2,"Road-450 Red, 60",4,Road-450,2,Road Bikes,1,Bikes
315,BK-R68R-58,2,"Road-450 Red, 58",4,Road-450,2,Road Bikes,1,Bikes
314,BK-R93R-56,2,"Road-150 Red, 56",4,Road-150,2,Road Bikes,1,Bikes
313,BK-R93R-52,2,"Road-150 Red, 52",4,Road-150,2,Road Bikes,1,Bikes
312,BK-R93R-48,2,"Road-150 Red, 48",4,Road-150,2,Road Bikes,1,Bikes
311,BK-R93R-44,2,"Road-150 Red, 44",4,Road-150,2,Road Bikes,1,Bikes
335,BK-R50B-60,2,"Road-650 Black, 60",4,Road-650,2,Road Bikes,1,Bikes
390,BK-R64Y-48,2,"Road-550-W Yellow, 48",4,Road-550-W,2,Road Bikes,1,Bikes
389,BK-R64Y-48,2,"Road-550-W Yellow, 48",4,Road-550-W,2,Road Bikes,1,Bikes
388,BK-R64Y-44,2,"Road-550-W Yellow, 44",4,Road-550-W,2,Road Bikes,1,Bikes
578,BK-T44U-50,3,"Touring-2000 Blue, 50",4,Touring-2000,3,Touring Bikes,1,Bikes
574,BK-T79U-50,3,"Touring-1000 Blue, 50",4,Touring-1000,3,Touring Bikes,1,Bikes
573,BK-T79U-46,3,"Touring-1000 Blue, 46",4,Touring-1000,3,Touring Bikes,1,Bikes
572,BK-T18Y-62,3,"Touring-3000 Yellow, 62",4,Touring-3000,3,Touring Bikes,1,Bikes
571,BK-T18Y-58,3,"Touring-3000 Yellow, 58",4,Touring-3000,3,Touring Bikes,1,Bikes
570,BK-T18Y-54,3,"Touring-3000 Yellow, 54",4,Touring-3000,3,Touring Bikes,1,Bikes
569,BK-T18Y-50,3,"Touring-3000 Yellow, 50",4,Touring-3000,3,Touring Bikes,1,Bikes
562,BK-T79Y-50,3,"Touring-1000 Yellow, 50",4,Touring-1000,3,Touring Bikes,1,Bikes
563,BK-T79Y-54,3,"Touring-1000 Yellow, 54",4,Touring-1000,3,Touring Bikes,1,Bikes
564,BK-T79Y-60,3,"Touring-1000 Yellow, 60",4,Touring-1000,3,Touring Bikes,1,Bikes
565,BK-T18U-54,3,"Touring-3000 Blue, 54",4,Touring-3000,3,Touring Bikes,1,Bikes
566,BK-T18U-58,3,"Touring-3000 Blue, 58",4,Touring-3000,3,Touring Bikes,1,Bikes
567,BK-T18U-62,3,"Touring-3000 Blue, 62",4,Touring-3000,3,Touring Bikes,1,Bikes
568,BK-T18Y-44,3,"Touring-3000 Yellow, 44",4,Touring-3000,3,Touring Bikes,1,Bikes
561,BK-T79Y-46,3,"Touring-1000 Yellow, 46",4,Touring-1000,3,Touring Bikes,1,Bikes
586,BK-T18U-50,3,"Touring-3000 Blue, 50",4,Touring-3000,3,Touring Bikes,1,Bikes
577,BK-T44U-46,3,"Touring-2000 Blue, 46",4,Touring-2000,3,Touring Bikes,1,Bikes
576,BK-T79U-60,3,"Touring-1000 Blue, 60",4,Touring-1000,3,Touring Bikes,1,Bikes
575,BK-T79U-54,3,"Touring-1000 Blue, 54",4,Touring-1000,3,Touring Bikes,1,Bikes
585,BK-T18U-44,3,"Touring-3000 Blue, 44",4,Touring-3000,3,Touring Bikes,1,Bikes
560,BK-T44U-60,3,"Touring-2000 Blue, 60",4,Touring-2000,3,Touring Bikes,1,Bikes
579,BK-T44U-54,3,"Touring-2000 Blue, 54",4,Touring-2000,3,Touring Bikes,1,Bikes
399,HB-M763,4,ML Mountain Handlebars,1,ML Mountain Handlebars,4,Handlebars,2,Components
554,HB-T928,4,HL Touring Handlebars,1,HL Touring Handlebars,4,Handlebars,2,Components
553,HB-T721,4,LL Touring Handlebars,1,LL Touring Handlebars,4,Handlebars,2,Components
408,HB-R956,4,HL Road Handlebars,1,HL Road Handlebars,4,Handlebars,2,Components
407,HB-R956,4,HL Road Handlebars,1,HL Road Handlebars,4,Handlebars,2,Components
406,HB-R720,4,ML Road Handlebars,1,ML Road Handlebars,4,Handlebars,2,Components
405,HB-R720,4,ML Road Handlebars,1,ML Road Handlebars,4,Handlebars,2,Components
404,HB-R504,4,LL Road Handlebars,1,LL Road Handlebars,4,Handlebars,2,Components
403,HB-R504,4,LL Road Handlebars,1,LL Road Handlebars,4,Handlebars,2,Components
402,HB-M918,4,HL Mountain Handlebars,1,HL Mountain Handlebars,4,Handlebars,2,Components
401,HB-M918,4,HL Mountain Handlebars,1,HL Mountain Handlebars,4,Handlebars,2,Components
400,HB-M763,4,ML Mountain Handlebars,1,ML Mountain Handlebars,4,Handlebars,2,Components
398,HB-M243,4,LL Mountain Handlebars,1,LL Mountain Handlebars,4,Handlebars,2,Components
397,HB-M243,4,LL Mountain Handlebars,1,LL Mountain Handlebars,4,Handlebars,2,Components
602,BB-8107,5,ML Bottom Bracket,1,ML Bottom Bracket,5,Bottom Brackets,2,Components
601,BB-7421,5,LL Bottom Bracket,1,LL Bottom Bracket,5,Bottom Brackets,2,Components
603,BB-9108,5,HL Bottom Bracket,1,HL Bottom Bracket,5,Bottom Brackets,2,Components
555,FB-9873,6,Front Brakes,1,Front Brakes,6,Brakes,2,Components
514,RB-9231,6,Rear Brakes,1,Rear Brakes,6,Brakes,2,Components
559,CH-0234,7,Chain,1,Chain,7,Chains,2,Components
558,CS-9183,8,HL Crankset,1,HL Crankset,8,Cranksets,2,Components
557,CS-6583,8,ML Crankset,1,ML Crankset,8,Cranksets,2,Components
556,CS-4759,8,LL Crankset,1,LL Crankset,8,Cranksets,2,Components
552,FD-2342,9,Front Derailleur,1,Front Derailleur,9,Derailleurs,2,Components
501,RD-2308,9,Rear Derailleur,1,Rear Derailleur,9,Derailleurs,2,Components
391,FK-1639,10,LL Fork,1,LL Fork,10,Forks,2,Components
393,FK-9939,10,HL Fork,1,HL Fork,10,Forks,2,Components
392,FK-5136,10,ML Fork,1,ML Fork,10,Forks,2,Components
396,HS-3479,11,HL Headset,1,HL Headset,11,Headsets,2,Components
395,HS-2451,11,ML Headset,1,ML Headset,11,Headsets,2,Components
394,HS-0296,11,LL Headset,1,LL Headset,11,Headsets,2,Components
531,FR-M21B-42,12,"LL Mountain Frame - Black, 42",1,LL Mountain Frame,12,Mountain Frames,2,Components
288,FR-M94S-42,12,"HL Mountain Frame - Silver, 42",1,HL Mountain Frame,12,Mountain Frames,2,Components
289,FR-M94S-42,12,"HL Mountain Frame - Silver, 42",1,HL Mountain Frame,12,Mountain Frames,2,Components
290,FR-M94S-42,12,"HL Mountain Frame - Silver, 42",1,HL Mountain Frame,12,Mountain Frames,2,Components
291,FR-M94S-44,12,"HL Mountain Frame - Silver, 44",1,HL Mountain Frame,12,Mountain Frames,2,Components
292,FR-M94S-52,12,"HL Mountain Frame - Silver, 48",1,HL Mountain Frame,12,Mountain Frames,2,Components
293,FR-M94S-46,12,"HL Mountain Frame - Silver, 46",1,HL Mountain Frame,12,Mountain Frames,2,Components
294,FR-M94S-46,12,"HL Mountain Frame - Silver, 46",1,HL Mountain Frame,12,Mountain Frames,2,Components
295,FR-M94S-46,12,"HL Mountain Frame - Silver, 46",1,HL Mountain Frame,12,Mountain Frames,2,Components
296,FR-M94B-42,12,"HL Mountain Frame - Black, 42",1,HL Mountain Frame,12,Mountain Frames,2,Components
297,FR-M94B-42,12,"HL Mountain Frame - Black, 42",1,HL Mountain Frame,12,Mountain Frames,2,Components
298,FR-M94B-42,12,"HL Mountain Frame - Black, 42",1,HL Mountain Frame,12,Mountain Frames,2,Components
299,FR-M94B-44,12,"HL Mountain Frame - Black, 44",1,HL Mountain Frame,12,Mountain Frames,2,Components
300,FR-M94B-48,12,"HL Mountain Frame - Black, 48",1,HL Mountain Frame,12,Mountain Frames,2,Components
301,FR-M94B-46,12,"HL Mountain Frame - Black, 46",1,HL Mountain Frame,12,Mountain Frames,2,Components
302,FR-M94B-46,12,"HL Mountain Frame - Black, 46",1,HL Mountain Frame,12,Mountain Frames,2,Components
303,FR-M94B-46,12,"HL Mountain Frame - Black, 46",1,HL Mountain Frame,12,Mountain Frames,2,Components
304,FR-M94B-38,12,"HL Mountain Frame - Black, 38",2,HL Mountain Frame,12,Mountain Frames,2,Components
305,FR-M94B-38,12,"HL Mountain Frame - Black, 38",2,HL Mountain Frame,12,Mountain Frames,2,Components
306,FR-M94B-38,12,"HL Mountain Frame - Black, 38",2,HL Mountain Frame,12,Mountain Frames,2,Components
307,FR-M94S-38,12,"HL Mountain Frame - Silver, 38",2,HL Mountain Frame,12,Mountain Frames,2,Components
308,FR-M94S-38,12,"HL Mountain Frame - Silver, 38",2,HL Mountain Frame,12,Mountain Frames,2,Components
309,FR-M94S-38,12,"HL Mountain Frame - Silver, 38",2,HL Mountain Frame,12,Mountain Frames,2,Components
409,FR-M63B-38,12,"ML Mountain Frame - Black, 38",2,ML Mountain Frame-W,12,Mountain Frames,2,Components
426,FR-M63B-40,12,"ML Mountain Frame - Black, 40",1,ML Mountain Frame,12,Mountain Frames,2,Components
427,FR-M63B-44,12,"ML Mountain Frame - Black, 44",1,ML Mountain Frame,12,Mountain Frames,2,Components
428,FR-M63B-48,12,"ML Mountain Frame - Black, 48",1,ML Mountain Frame,12,Mountain Frames,2,Components
511,FR-M63S-40,12,"ML Mountain Frame-W - Silver, 40",1,ML Mountain Frame-W,12,Mountain Frames,2,Components
512,FR-M63S-42,12,"ML Mountain Frame-W - Silver, 42",1,ML Mountain Frame-W,12,Mountain Frames,2,Components
513,FR-M63S-46,12,"ML Mountain Frame-W - Silver, 46",1,ML Mountain Frame-W,12,Mountain Frames,2,Components
524,FR-M21S-42,12,"LL Mountain Frame - Silver, 42",1,LL Mountain Frame,12,Mountain Frames,2,Components
525,FR-M21S-44,12,"LL Mountain Frame - Silver, 44",1,LL Mountain Frame,12,Mountain Frames,2,Components
526,FR-M21S-48,12,"LL Mountain Frame - Silver, 48",1,LL Mountain Frame,12,Mountain Frames,2,Components
527,FR-M21S-52,12,"LL Mountain Frame - Silver, 52",1,LL Mountain Frame,12,Mountain Frames,2,Components
532,FR-M21B-44,12,"LL Mountain Frame - Black, 44",1,LL Mountain Frame,12,Mountain Frames,2,Components
533,FR-M21B-48,12,"LL Mountain Frame - Black, 48",1,LL Mountain Frame,12,Mountain Frames,2,Components
534,FR-M21B-52,12,"LL Mountain Frame - Black, 52",1,LL Mountain Frame,12,Mountain Frames,2,Components
549,FR-M63S-38,12,"ML Mountain Frame-W - Silver, 38",2,ML Mountain Frame-W,12,Mountain Frames,2,Components
550,FR-M21B-40,12,"LL Mountain Frame - Black, 40",2,LL Mountain Frame,12,Mountain Frames,2,Components
551,FR-M21S-40,12,"LL Mountain Frame - Silver, 40",2,LL Mountain Frame,12,Mountain Frames,2,Components
545,PD-R347,13,LL Road Pedal,1,LL Road Pedal,13,Pedals,2,Components
544,PD-M562,13,HL Mountain Pedal,1,HL Mountain Pedal,13,Pedals,2,Components
543,PD-M340,13,ML Mountain Pedal,1,ML Mountain Pedal,13,Pedals,2,Components
542,PD-M282,13,LL Mountain Pedal,1,LL Mountain Pedal,13,Pedals,2,Components
548,PD-T852,13,Touring Pedal,1,Touring Pedal,13,Pedals,2,Components
547,PD-R853,13,HL Road Pedal,1,HL Road Pedal,13,Pedals,2,Components
546,PD-R563,13,ML Road Pedal,1,ML Road Pedal,13,Pedals,2,Components
250,FR-R92R-56,14,"HL Road Frame - Red, 56",1,HL Road Frame,14,Road Frames,2,Components
251,FR-R92R-56,14,"HL Road Frame - Red, 56",1,HL Road Frame,14,Road Frames,2,Components
252,FR-R92R-56,14,"HL Road Frame - Red, 56",1,HL Road Frame,14,Road Frames,2,Components
253,FR-R38B-58,14,"LL Road Frame - Black, 58",1,LL Road Frame,14,Road Frames,2,Components
417,FR-R72Y-38,14,"ML Road Frame-W - Yellow, 38",2,ML Road Frame-W,14,Road Frames,2,Components
418,FR-R72Y-38,14,"ML Road Frame-W - Yellow, 38",2,ML Road Frame-W,14,Road Frames,2,Components
254,FR-R38B-58,14,"LL Road Frame - Black, 58",1,LL Road Frame,14,Road Frames,2,Components
255,FR-R38B-58,14,"LL Road Frame - Black, 58",1,LL Road Frame,14,Road Frames,2,Components
256,FR-R38B-60,14,"LL Road Frame - Black, 60",1,LL Road Frame,14,Road Frames,2,Components
429,FR-R72Y-40,14,"ML Road Frame-W - Yellow, 40",1,ML Road Frame-W,14,Road Frames,2,Components
430,FR-R72Y-40,14,"ML Road Frame-W - Yellow, 40",1,ML Road Frame-W,14,Road Frames,2,Components
431,FR-R72Y-42,14,"ML Road Frame-W - Yellow, 42",1,ML Road Frame-W,14,Road Frames,2,Components
432,FR-R72Y-42,14,"ML Road Frame-W - Yellow, 42",1,ML Road Frame-W,14,Road Frames,2,Components
433,FR-R72Y-44,14,"ML Road Frame-W - Yellow, 44",1,ML Road Frame-W,14,Road Frames,2,Components
434,FR-R72Y-44,14,"ML Road Frame-W - Yellow, 44",1,ML Road Frame-W,14,Road Frames,2,Components
435,FR-R72Y-48,14,"ML Road Frame-W - Yellow, 48",1,ML Road Frame-W,14,Road Frames,2,Components
436,FR-R72Y-48,14,"ML Road Frame-W - Yellow, 48",1,ML Road Frame-W,14,Road Frames,2,Components
437,FR-R92B-62,14,"HL Road Frame - Black, 62",1,HL Road Frame,14,Road Frames,2,Components
438,FR-R92B-62,14,"HL Road Frame - Black, 62",1,HL Road Frame,14,Road Frames,2,Components
439,FR-R92B-44,14,"HL Road Frame - Black, 44",1,HL Road Frame,14,Road Frames,2,Components
440,FR-R92B-44,14,"HL Road Frame - Black, 44",1,HL Road Frame,14,Road Frames,2,Components
441,FR-R92B-48,14,"HL Road Frame - Black, 48",1,HL Road Frame,14,Road Frames,2,Components
442,FR-R92B-48,14,"HL Road Frame - Black, 48",1,HL Road Frame,14,Road Frames,2,Components
443,FR-R92B-52,14,"HL Road Frame - Black, 52",1,HL Road Frame,14,Road Frames,2,Components
444,FR-R92B-52,14,"HL Road Frame - Black, 52",1,HL Road Frame,14,Road Frames,2,Components
257,FR-R38B-60,14,"LL Road Frame - Black, 60",1,LL Road Frame,14,Road Frames,2,Components
258,FR-R38B-60,14,"LL Road Frame - Black, 60",1,LL Road Frame,14,Road Frames,2,Components
259,FR-R38B-62,14,"LL Road Frame - Black, 62",1,LL Road Frame,14,Road Frames,2,Components
260,FR-R38B-62,14,"LL Road Frame - Black, 62",1,LL Road Frame,14,Road Frames,2,Components
261,FR-R38B-62,14,"LL Road Frame - Black, 62",1,LL Road Frame,14,Road Frames,2,Components
262,FR-R38R-44,14,"LL Road Frame - Red, 44",1,LL Road Frame,14,Road Frames,2,Components
263,FR-R38R-44,14,"LL Road Frame - Red, 44",1,LL Road Frame,14,Road Frames,2,Components
264,FR-R38R-48,14,"LL Road Frame - Red, 48",1,LL Road Frame,14,Road Frames,2,Components
265,FR-R38R-48,14,"LL Road Frame - Red, 48",1,LL Road Frame,14,Road Frames,2,Components
266,FR-R38R-52,14,"LL Road Frame - Red, 52",1,LL Road Frame,14,Road Frames,2,Components
267,FR-R38R-52,14,"LL Road Frame - Red, 52",1,LL Road Frame,14,Road Frames,2,Components
268,FR-R38R-58,14,"LL Road Frame - Red, 58",1,LL Road Frame,14,Road Frames,2,Components
269,FR-R38R-58,14,"LL Road Frame - Red, 58",1,LL Road Frame,14,Road Frames,2,Components
270,FR-R38R-60,14,"LL Road Frame - Red, 60",1,LL Road Frame,14,Road Frames,2,Components
271,FR-R38R-60,14,"LL Road Frame - Red, 60",1,LL Road Frame,14,Road Frames,2,Components
272,FR-R38R-62,14,"LL Road Frame - Red, 62",1,LL Road Frame,14,Road Frames,2,Components
273,FR-R38R-62,14,"LL Road Frame - Red, 62",1,LL Road Frame,14,Road Frames,2,Components
274,FR-R72R-44,14,"ML Road Frame - Red, 44",1,ML Road Frame,14,Road Frames,2,Components
275,FR-R72R-48,14,"ML Road Frame - Red, 48",1,ML Road Frame,14,Road Frames,2,Components
276,FR-R72R-52,14,"ML Road Frame - Red, 52",1,ML Road Frame,14,Road Frames,2,Components
277,FR-R72R-58,14,"ML Road Frame - Red, 58",1,ML Road Frame,14,Road Frames,2,Components
278,FR-R72R-60,14,"ML Road Frame - Red, 60",1,ML Road Frame,14,Road Frames,2,Components
279,FR-R38B-44,14,"LL Road Frame - Black, 44",1,LL Road Frame,14,Road Frames,2,Components
280,FR-R38B-44,14,"LL Road Frame - Black, 44",1,LL Road Frame,14,Road Frames,2,Components
281,FR-R38B-44,14,"LL Road Frame - Black, 44",1,LL Road Frame,14,Road Frames,2,Components
282,FR-R38B-48,14,"LL Road Frame - Black, 48",1,LL Road Frame,14,Road Frames,2,Components
283,FR-R38B-48,14,"LL Road Frame - Black, 48",1,LL Road Frame,14,Road Frames,2,Components
284,FR-R38B-48,14,"LL Road Frame - Black, 48",1,LL Road Frame,14,Road Frames,2,Components
285,FR-R38B-52,14,"LL Road Frame - Black, 52",1,LL Road Frame,14,Road Frames,2,Components
286,FR-R38B-52,14,"LL Road Frame - Black, 52",1,LL Road Frame,14,Road Frames,2,Components
287,FR-R38B-52,14,"LL Road Frame - Black, 52",1,LL Road Frame,14,Road Frames,2,Components
210,FR-R92B-58,14,"HL Road Frame - Black, 58",1,HL Road Frame,14,Road Frames,2,Components
211,FR-R92R-58,14,"HL Road Frame - Red, 58",1,HL Road Frame,14,Road Frames,2,Components
238,FR-R92R-62,14,"HL Road Frame - Red, 62",1,HL Road Frame,14,Road Frames,2,Components
239,FR-R92R-62,14,"HL Road Frame - Red, 62",1,HL Road Frame,14,Road Frames,2,Components
240,FR-R92R-62,14,"HL Road Frame - Red, 62",1,HL Road Frame,14,Road Frames,2,Components
241,FR-R92R-44,14,"HL Road Frame - Red, 44",1,HL Road Frame,14,Road Frames,2,Components
242,FR-R92R-44,14,"HL Road Frame - Red, 44",1,HL Road Frame,14,Road Frames,2,Components
243,FR-R92R-44,14,"HL Road Frame - Red, 44",1,HL Road Frame,14,Road Frames,2,Components
244,FR-R92R-48,14,"HL Road Frame - Red, 48",1,HL Road Frame,14,Road Frames,2,Components
245,FR-R92R-48,14,"HL Road Frame - Red, 48",1,HL Road Frame,14,Road Frames,2,Components
246,FR-R92R-48,14,"HL Road Frame - Red, 48",1,HL Road Frame,14,Road Frames,2,Components
247,FR-R92R-52,14,"HL Road Frame - Red, 52",1,HL Road Frame,14,Road Frames,2,Components
248,FR-R92R-52,14,"HL Road Frame - Red, 52",1,HL Road Frame,14,Road Frames,2,Components
249,FR-R92R-52,14,"HL Road Frame - Red, 52",1,HL Road Frame,14,Road Frames,2,Components
515,SE-M236,15,LL Mountain Seat/Saddle,1,LL Mountain Seat/Saddle 2,15,Saddles,2,Components
522,SE-T762,15,ML Touring Seat/Saddle,1,ML Touring Seat/Saddle,15,Saddles,2,Components
521,SE-T312,15,LL Touring Seat/Saddle,1,LL Touring Seat/Saddle,15,Saddles,2,Components
520,SE-R995,15,HL Road Seat/Saddle,1,HL Road Seat/Saddle 2,15,Saddles,2,Components
519,SE-R908,15,ML Road Seat/Saddle,1,ML Road Seat/Saddle 2,15,Saddles,2,Components
518,SE-R581,15,LL Road Seat/Saddle,1,LL Road Seat/Saddle 1,15,Saddles,2,Components
517,SE-M940,15,HL Mountain Seat/Saddle,1,HL Mountain Seat/Saddle 2,15,Saddles,2,Components
516,SE-M798,15,ML Mountain Seat/Saddle,1,ML Mountain Seat/Saddle 2,15,Saddles,2,Components
523,SE-T924,15,HL Touring Seat/Saddle,1,HL Touring Seat/Saddle,15,Saddles,2,Components
500,FR-T98U-60,16,"HL Touring Frame - Blue, 60",1,HL Touring Frame,16,Touring Frames,2,Components
502,FR-T67U-50,16,"LL Touring Frame - Blue, 50",1,LL Touring Frame,16,Touring Frames,2,Components
503,FR-T67U-54,16,"LL Touring Frame - Blue, 54",1,LL Touring Frame,16,Touring Frames,2,Components
504,FR-T67U-58,16,"LL Touring Frame - Blue, 58",1,LL Touring Frame,16,Touring Frames,2,Components
505,FR-T67U-62,16,"LL Touring Frame - Blue, 62",1,LL Touring Frame,16,Touring Frames,2,Components
506,FR-T67Y-44,16,"LL Touring Frame - Yellow, 44",1,LL Touring Frame,16,Touring Frames,2,Components
507,FR-T67Y-50,16,"LL Touring Frame - Yellow, 50",1,LL Touring Frame,16,Touring Frames,2,Components
508,FR-T67Y-54,16,"LL Touring Frame - Yellow, 54",1,LL Touring Frame,16,Touring Frames,2,Components
509,FR-T67Y-58,16,"LL Touring Frame - Yellow, 58",1,LL Touring Frame,16,Touring Frames,2,Components
510,FR-T67U-44,16,"LL Touring Frame - Blue, 44",1,LL Touring Frame,16,Touring Frames,2,Components
492,FR-T98Y-60,16,"HL Touring Frame - Yellow, 60",1,HL Touring Frame,16,Touring Frames,2,Components
493,FR-T67Y-62,16,"LL Touring Frame - Yellow, 62",1,LL Touring Frame,16,Touring Frames,2,Components
494,FR-T98Y-46,16,"HL Touring Frame - Yellow, 46",1,HL Touring Frame,16,Touring Frames,2,Components
495,FR-T98Y-50,16,"HL Touring Frame - Yellow, 50",1,HL Touring Frame,16,Touring Frames,2,Components
496,FR-T98Y-54,16,"HL Touring Frame - Yellow, 54",1,HL Touring Frame,16,Touring Frames,2,Components
497,FR-T98U-46,16,"HL Touring Frame - Blue, 46",1,HL Touring Frame,16,Touring Frames,2,Components
498,FR-T98U-50,16,"HL Touring Frame - Blue, 50",1,HL Touring Frame,16,Touring Frames,2,Components
499,FR-T98U-54,16,"HL Touring Frame - Blue, 54",1,HL Touring Frame,16,Touring Frames,2,Components
419,RW-M423,17,LL Mountain Rear Wheel,1,LL Mountain Rear Wheel,17,Wheels,2,Components
416,FW-T905,17,Touring Front Wheel,1,Touring Front Wheel,17,Wheels,2,Components
422,RW-R623,17,LL Road Rear Wheel,1,LL Road Rear Wheel,17,Wheels,2,Components
421,RW-M928,17,HL Mountain Rear Wheel,1,HL Mountain Rear Wheel,17,Wheels,2,Components
420,RW-M762,17,ML Mountain Rear Wheel,1,ML Mountain Rear Wheel,17,Wheels,2,Components
424,RW-R820,17,HL Road Rear Wheel,1,HL Road Rear Wheel,17,Wheels,2,Components
425,RW-T905,17,Touring Rear Wheel,1,Touring Rear Wheel,17,Wheels,2,Components
415,FW-R820,17,HL Road Front Wheel,1,HL Road Front Wheel,17,Wheels,2,Components
414,FW-R762,17,ML Road Front Wheel,1,ML Road Front Wheel,17,Wheels,2,Components
413,FW-R623,17,LL Road Front Wheel,1,LL Road Front Wheel,17,Wheels,2,Components
412,FW-M928,17,HL Mountain Front Wheel,1,HL Mountain Front Wheel,17,Wheels,2,Components
411,FW-M762,17,ML Mountain Front Wheel,1,ML Mountain Front Wheel,17,Wheels,2,Components
410,FW-M423,17,LL Mountain Front Wheel,1,LL Mountain Front Wheel,17,Wheels,2,Components
423,RW-R762,17,ML Road Rear Wheel,1,ML Road Rear Wheel,17,Wheels,2,Components
459,SB-M891-S,18,"Men's Bib-Shorts, S",0,Men's Bib-Shorts,18,Bib-Shorts,3,Clothing
461,SB-M891-L,18,"Men's Bib-Shorts, L",0,Men's Bib-Shorts,18,Bib-Shorts,3,Clothing
460,SB-M891-M,18,"Men's Bib-Shorts, M",0,Men's Bib-Shorts,18,Bib-Shorts,3,Clothing
224,CA-1098,19,AWC Logo Cap,0,Cycling Cap,19,Caps,3,Clothing
225,CA-1098,19,AWC Logo Cap,0,Cycling Cap,19,Caps,3,Clothing
223,CA-1098,19,AWC Logo Cap,0,Cycling Cap,19,Caps,3,Clothing
465,GL-H102-M,20,"Half-Finger Gloves, M",0,Half-Finger Gloves,20,Gloves,3,Clothing
464,GL-H102-M,20,"Half-Finger Gloves, M",0,Half-Finger Gloves,20,Gloves,3,Clothing
463,GL-H102-S,20,"Half-Finger Gloves, S",0,Half-Finger Gloves,20,Gloves,3,Clothing
462,GL-H102-S,20,"Half-Finger Gloves, S",0,Half-Finger Gloves,20,Gloves,3,Clothing
467,GL-H102-L,20,"Half-Finger Gloves, L",0,Half-Finger Gloves,20,Gloves,3,Clothing
468,GL-F110-S,20,"Full-Finger Gloves, S",0,Full-Finger Gloves,20,Gloves,3,Clothing
469,GL-F110-M,20,"Full-Finger Gloves, M",0,Full-Finger Gloves,20,Gloves,3,Clothing
470,GL-F110-L,20,"Full-Finger Gloves, L",0,Full-Finger Gloves,20,Gloves,3,Clothing
466,GL-H102-L,20,"Half-Finger Gloves, L",0,Half-Finger Gloves,20,Gloves,3,Clothing
226,LJ-0192-S,21,"Long-Sleeve Logo Jersey, S",0,Long-Sleeve Logo Jersey,21,Jerseys,3,Clothing
237,LJ-0192-X,21,"Long-Sleeve Logo Jersey, XL",0,Long-Sleeve Logo Jersey,21,Jerseys,3,Clothing
236,LJ-0192-X,21,"Long-Sleeve Logo Jersey, XL",0,Long-Sleeve Logo Jersey,21,Jerseys,3,Clothing
229,LJ-0192-M,21,"Long-Sleeve Logo Jersey, M",0,Long-Sleeve Logo Jersey,21,Jerseys,3,Clothing
228,LJ-0192-S,21,"Long-Sleeve Logo Jersey, S",0,Long-Sleeve Logo Jersey,21,Jerseys,3,Clothing
235,LJ-0192-X,21,"Long-Sleeve Logo Jersey, XL",0,Long-Sleeve Logo Jersey,21,Jerseys,3,Clothing
234,LJ-0192-L,21,"Long-Sleeve Logo Jersey, L",0,Long-Sleeve Logo Jersey,21,Jerseys,3,Clothing
233,LJ-0192-L,21,"Long-Sleeve Logo Jersey, L",0,Long-Sleeve Logo Jersey,21,Jerseys,3,Clothing
232,LJ-0192-L,21,"Long-Sleeve Logo Jersey, L",0,Long-Sleeve Logo Jersey,21,Jerseys,3,Clothing
231,LJ-0192-M,21,"Long-Sleeve Logo Jersey, M",0,Long-Sleeve Logo Jersey,21,Jerseys,3,Clothing
491,SJ-0194-X,21,"Short-Sleeve Classic Jersey, XL",0,Short-Sleeve Classic Jersey,21,Jerseys,3,Clothing
490,SJ-0194-L,21,"Short-Sleeve Classic Jersey, L",0,Short-Sleeve Classic Jersey,21,Jerseys,3,Clothing
489,SJ-0194-M,21,"Short-Sleeve Classic Jersey, M",0,Short-Sleeve Classic Jersey,21,Jerseys,3,Clothing
488,SJ-0194-S,21,"Short-Sleeve Classic Jersey, S",0,Short-Sleeve Classic Jersey,21,Jerseys,3,Clothing
227,LJ-0192-S,21,"Long-Sleeve Logo Jersey, S",0,Long-Sleeve Logo Jersey,21,Jerseys,3,Clothing
230,LJ-0192-M,21,"Long-Sleeve Logo Jersey, M",0,Long-Sleeve Logo Jersey,21,Jerseys,3,Clothing
454,SH-M897-L,22,"Men's Sports Shorts, L",0,Men's Sports Shorts,22,Shorts,3,Clothing
445,SH-M897-S,22,"Men's Sports Shorts, S",0,Men's Sports Shorts,22,Shorts,3,Clothing
474,SH-W890-S,22,"Women's Mountain Shorts, S",0,Women's Mountain Shorts,22,Shorts,3,Clothing
476,SH-W890-L,22,"Women's Mountain Shorts, L",0,Women's Mountain Shorts,22,Shorts,3,Clothing
475,SH-W890-M,22,"Women's Mountain Shorts, M",0,Women's Mountain Shorts,22,Shorts,3,Clothing
455,SH-M897-X,22,"Men's Sports Shorts, XL",0,Men's Sports Shorts,22,Shorts,3,Clothing
453,SH-M897-M,22,"Men's Sports Shorts, M",0,Men's Sports Shorts,22,Shorts,3,Clothing
482,SO-R809-L,23,"Racing Socks, L",0,Racing Socks,23,Socks,3,Clothing
218,SO-B909-M,23,"Mountain Bike Socks, M",0,Mountain Bike Socks,23,Socks,3,Clothing
219,SO-B909-L,23,"Mountain Bike Socks, L",0,Mountain Bike Socks,23,Socks,3,Clothing
481,SO-R809-M,23,"Racing Socks, M",0,Racing Socks,23,Socks,3,Clothing
457,TG-W091-M,24,"Women's Tights, M",0,Women's Tights,24,Tights,3,Clothing
456,TG-W091-S,24,"Women's Tights, S",0,Women's Tights,24,Tights,3,Clothing
458,TG-W091-L,24,"Women's Tights, L",0,Women's Tights,24,Tights,3,Clothing
473,VE-C304-L,25,"Classic Vest, L",0,Classic Vest,25,Vests,3,Clothing
471,VE-C304-S,25,"Classic Vest, S",0,Classic Vest,25,Vests,3,Clothing
472,VE-C304-M,25,"Classic Vest, M",0,Classic Vest,25,Vests,3,Clothing
483,RA-H123,26,Hitch Rack - 4-Bike,0,Hitch Rack - 4-Bike,26,Bike Racks,4,Accessories
486,ST-1401,27,All-Purpose Bike Stand,0,All-Purpose Bike Stand,27,Bike Stands,4,Accessories
479,BC-R205,28,Road Bottle Cage,0,Road Bottle Cage,28,Bottles and Cages,4,Accessories
477,WB-H098,28,Water Bottle - 30 oz.,0,Water Bottle,28,Bottles and Cages,4,Accessories
478,BC-M005,28,Mountain Bottle Cage,0,Mountain Bottle Cage,28,Bottles and Cages,4,Accessories
484,CL-9009,29,Bike Wash - Dissolver,0,Bike Wash,29,Cleaners,4,Accessories
485,FE-6654,30,Fender Set - Mountain,0,Fender Set - Mountain,30,Fenders,4,Accessories
216,HL-U509,31,"Sport-100 Helmet, Black",0,Sport-100,31,Helmets,4,Accessories
220,HL-U509-B,31,"Sport-100 Helmet, Blue",0,Sport-100,31,Helmets,4,Accessories
217,HL-U509,31,"Sport-100 Helmet, Black",0,Sport-100,31,Helmets,4,Accessories
221,HL-U509-B,31,"Sport-100 Helmet, Blue",0,Sport-100,31,Helmets,4,Accessories
215,HL-U509,31,"Sport-100 Helmet, Black",0,Sport-100,31,Helmets,4,Accessories
214,HL-U509-R,31,"Sport-100 Helmet, Red",0,Sport-100,31,Helmets,4,Accessories
213,HL-U509-R,31,"Sport-100 Helmet, Red",0,Sport-100,31,Helmets,4,Accessories
212,HL-U509-R,31,"Sport-100 Helmet, Red",0,Sport-100,31,Helmets,4,Accessories
222,HL-U509-B,31,"Sport-100 Helmet, Blue",0,Sport-100,31,Helmets,4,Accessories
487,HY-1023-70,32,Hydration Pack - 70 oz.,0,Hydration Pack,32,Hydration Packs,4,Accessories
450,LT-T990,33,Taillights - Battery-Powered,0,Taillight,33,Lights,4,Accessories
451,LT-H902,33,Headlights - Dual-Beam,0,Headlights - Dual-Beam,33,Lights,4,Accessories
452,LT-H903,33,Headlights - Weatherproof,0,Headlights - Weatherproof,33,Lights,4,Accessories
447,LO-C100,34,Cable Lock,0,Cable Lock,34,Locks,4,Accessories
446,PA-T100,35,"Touring-Panniers, Large",0,Touring-Panniers,35,Panniers,4,Accessories
449,PU-M044,36,Mountain Pump,0,Mountain Pump,36,Pumps,4,Accessories
448,PU-0452,36,Minipump,0,Minipump,36,Pumps,4,Accessories
480,PK-7098,37,Patch Kit/8 Patches,0,Patch kit,37,Tires and Tubes,4,Accessories
528,TT-M928,37,Mountain Tire Tube,0,Mountain Tire Tube,37,Tires and Tubes,4,Accessories
529,TT-R982,37,Road Tire Tube,0,Road Tire Tube,37,Tires and Tubes,4,Accessories
537,TI-M823,37,HL Mountain Tire,0,HL Mountain Tire,37,Tires and Tubes,4,Accessories
538,TI-R092,37,LL Road Tire,0,LL Road Tire,37,Tires and Tubes,4,Accessories
536,TI-M602,37,ML Mountain Tire,0,ML Mountain Tire,37,Tires and Tubes,4,Accessories
535,TI-M267,37,LL Mountain Tire,0,LL Mountain Tire,37,Tires and Tubes,4,Accessories
530,TT-T092,37,Touring Tire Tube,0,Touring Tire Tube,37,Tires and Tubes,4,Accessories
541,TI-T723,37,Touring Tire,0,Touring Tire,37,Tires and Tubes,4,Accessories
540,TI-R982,37,HL Road Tire,0,HL Road Tire,37,Tires and Tubes,4,Accessories
539,TI-R628,37,ML Road Tire,0,ML Road Tire,37,Tires and Tubes,4,Accessories
